theta0, theta1
7994.025903991333,-0.021273719070404658